{"cameraMode":{"drawMode":0,"name":"Shaded","section":"Shading Mode"},"sceneLighting":true,"audioPlay":false,"sceneViewState":{"m_AlwaysRefresh":false,"showFog":true,"showSkybox":true,"showFlares":true,"showImageEffects":true,"showParticleSystems":true,"showVisualEffectGraphs":true,"m_FxEnabled":true},"in2DMode":false,"pivot":{"x":30.836700439453126,"y":46.64396286010742,"z":-88.47048950195313},"rotation":{"x":-0.028251299634575845,"y":0.5514523386955261,"z":-0.018744489178061487,"w":-0.8335976600646973},"size":0.6914953589439392,"orthographic":false}